ID,파일명
LH_sale_2,(LH_sale_2)_양주옥정A-4(1)BL공공분양주택추가입주자모집공고문(무이자할부)(241104)★.pdf
LH_sale_2,(LH_sale_2)_양주옥정A-4(1)BL동호배치표(241104).pdf
LH_sale_2,(LH_sale_2)_양주옥정A-4(1)BL팸플릿.pdf
LH_sale_5,(LH_sale_5)_팸플릿(의왕월암A-1및A-3블록공공분양)_최종.pdf
LH_sale_5,(LH_sale_5)_3-2.금융정보등(금융ㆍ신용ㆍ보험정보)제공동의서-작성방법.pdf
LH_sale_5,(LH_sale_5)_의왕월암A-1및A-3블록신혼희망타운공공분양입주자모집공고문_최종.pdf
LH_sale_7,(LH_sale_7)_의왕월암A-1및A-3블록신혼희망타운공공분양입주자모집공고문_최종.pdf
LH_sale_7,(LH_sale_7)_팸플릿(의왕월암A-1및A-3블록공공분양)_최종.pdf
LH_sale_7,(LH_sale_7)_3-2.금융정보등(금융ㆍ신용ㆍ보험정보)제공동의서-작성방법.pdf
LH_sale_8,(LH_sale_8)_위례A2-7블록신혼희망타운(공공분양)잔여세대입주자모집공고문.pdf
LH_sale_8,(LH_sale_8)_3-2.금융정보등(금융ㆍ신용ㆍ보험정보)제공동의서-작성방법.pdf
LH_sale_8,(LH_sale_8)_(최종)위례A2-7블록신혼희망타운팸플릿.pdf
LH_sale_10,(LH_sale_10)_수원당수A5블록신혼희망타운(공공분양)입주자모집공고문.pdf
LH_sale_10,(LH_sale_10)_3-2.금융정보등(금융ㆍ신용ㆍ보험정보)제공동의서-작성방법.pdf
LH_sale_10,(LH_sale_10)_수원당수A5블록신혼희망타운(공공분양)팸플릿(게시용).pdf
LH_sale_17,(LH_sale_17)_양주옥정A-4(1)BL팸플릿.pdf
LH_sale_17,(LH_sale_17)_양주옥정A-4(1)BL동호배치표(241206).pdf
LH_sale_17,(LH_sale_17)_양주옥정A-4(1)BL공공분양주택추가입주자모집공고문(무이자할부)(241206)★★.pdf
LH_sale_18,(LH_sale_18)_붙임2.서울송파_도시형생활주택_팸플릿(최종).pdf
LH_sale_18,(LH_sale_18)_붙임5.위임장(대리인계약시).pdf
LH_sale_18,(LH_sale_18)_붙임3.확약서(주택상태확인서).pdf
LH_sale_18,(LH_sale_18)_붙임4.개인정보수집？이용및제3자제공동의서.pdf
LH_sale_18,"(LH_sale_18)_석촌,송파(도시형생활주택)공가세대일반공급입주자모집공고(무순위).pdf"
LH_sale_18,(LH_sale_18)_붙임1.서울석촌_도시형생활주택_팸플릿(최종).pdf
LH_sale_25,(LH_sale_25)_의왕청계2A1블록신혼희망타운(공공분양)입주자모집공고문.pdf
LH_sale_25,(LH_sale_25)_3-2.금융정보등(금융ㆍ신용ㆍ보험정보)제공동의서-작성방법.pdf
LH_sale_25,(LH_sale_25)_의왕청계2A1블록팸플릿(최종).pdf
LH_sale_26,(LH_sale_26)_성남금토A-4블록신혼희망타운공공분양입주자모집공고문_최종.pdf
LH_sale_26,(LH_sale_26)_3-2.금융정보등(금융ㆍ신용ㆍ보험정보)제공동의서-작성방법.pdf
LH_sale_26,(LH_sale_26)_팸플릿(성남금토A4블록공공분양)_최종.pdf
LH_sale_27,(LH_sale_27)_성남금토A-4블록신혼희망타운공공분양입주자모집공고문_최종.pdf
LH_sale_27,(LH_sale_27)_팸플릿(성남금토A4블록공공분양)_최종.pdf
LH_sale_27,(LH_sale_27)_3-2.금융정보등(금융ㆍ신용ㆍ보험정보)제공동의서-작성방법.pdf
LH_sale_28,(LH_sale_28)_3-2.금융정보등(금융ㆍ신용ㆍ보험정보)제공동의서-작성방법.pdf
LH_sale_28,(LH_sale_28)_팸플릿(성남금토A4블록공공분양)_최종.pdf
LH_sale_28,(LH_sale_28)_성남금토A-4블록신혼희망타운공공분양입주자모집공고문_최최종.pdf
LH_sale_32,"(LH_sale_32)_(250131)고양창릉S-5,S-6블록공공분양주택입주자모집공고문.pdf"
LH_sale_32,(LH_sale_32)_고양창릉S-5블록공공분양주택팸플릿-공고용.pdf
LH_sale_33,"(LH_sale_33)_(250131)고양창릉S-5,S-6블록공공분양주택입주자모집공고문.pdf"
LH_sale_33,(LH_sale_33)_고양창릉S-6블록공공분양주택팸플릿-공고용.pdf
LH_sale_34,(LH_sale_34)_고양창릉A-4블록신혼희망타운팸플릿-공고용.pdf
LH_sale_34,(LH_sale_34)_3-2.금융정보등(금융ㆍ신용ㆍ보험정보)제공동의서-작성방법.pdf
LH_sale_34,(LH_sale_34)_(250131)고양창릉A-4블록신혼희망타운(공공분양)입주자모집공고문.pdf
LH_sale_35,(LH_sale_35)_3-2.금융정보등(금융ㆍ신용ㆍ보험정보)제공동의서-작성방법.pdf
LH_sale_35,(LH_sale_35)_(정정)고양창릉A-4블록신혼희망타운(공공분양)입주자모집공고문.pdf
LH_sale_35,(LH_sale_35)_고양창릉A-4블록신혼희망타운팸플릿-공고용.pdf
LH_sale_36,"(LH_sale_36)_(정정)고양창릉S-5,S-6블록공공분양주택입주자모집공고문.pdf"
LH_sale_36,(LH_sale_36)_고양창릉S-6블록공공분양주택팸플릿-공고용.pdf
LH_sale_37,"(LH_sale_37)_(정정)고양창릉S-5,S-6블록공공분양주택입주자모집공고문.pdf"
LH_sale_37,(LH_sale_37)_고양창릉S-5블록공공분양주택팸플릿-공고용.pdf
LH_sale_44,(LH_sale_44)_평택고덕A-53블록잔여세대추가입주자모집공고.pdf
LH_sale_44,(LH_sale_44)_3.잔여세대동호배치도(평택고덕A-53블록).pdf
LH_sale_44,(LH_sale_44)_분양팸플릿(평택고덕A53블록).pdf
LH_sale_46,(LH_sale_46)_(최종)250331_교산푸르지오더퍼스트_입주자모집공고.pdf
LH_sale_52,(LH_sale_52)_양주옥정A-4(1)BL동호배치표.pdf
LH_sale_52,(LH_sale_52)_양주옥정A-4(1)BL팸플릿.pdf
LH_sale_52,(LH_sale_52)_양주옥정A-4(1)BL공공분양주택추가입주자모집공고문(250416).pdf
LH_sale_54,(LH_sale_54)_(정정)교산푸르지오더퍼스트_입주자모집공고.pdf
LH_sale_57,(LH_sale_57)_(정정)250424_교산푸르지오더퍼스트_입주자모집공고.pdf
LH_sale_60,(LH_sale_60)_부천대장A7블록공공분양주택입주자모집공고문_최종.pdf
LH_sale_60,(LH_sale_60)_부천대장A7블록공공분양주택분양팸플릿(업로드용).pdf
LH_sale_61,(LH_sale_61)_부천대장A8블록공공분양통합팸플릿(업로드용).pdf
LH_sale_61,(LH_sale_61)_부천대장A8블록공공분양주택입주자모집공고문.pdf
LH_sale_62,(LH_sale_62)_3-2.금융정보등(금융ㆍ신용ㆍ보험정보)제공동의서-작성방법.pdf
LH_sale_62,(LH_sale_62)_★e편한세상대장퍼스티움(부천대장A-5블록)입주자모집공고(최종).pdf
LH_sale_62,(LH_sale_62)_e편한세상대장퍼스티움(부천대장)공급안내문(최종).pdf
LH_sale_63,(LH_sale_63)_e편한세상대장퍼스티움(부천대장)공급안내문(최종).pdf
LH_sale_63,(LH_sale_63)_3-2.금융정보등(금융ㆍ신용ㆍ보험정보)제공동의서-작성방법.pdf
LH_sale_63,(LH_sale_63)_★e편한세상대장퍼스티움(부천대장A-6블록)입주자모집공고(최종).pdf
LH_sale_64,"(LH_sale_64)_(유주택,선착순)남양주금곡재건축매입임대분양전환후일반매각공고문.pdf"
LH_sale_64,(LH_sale_64)_(붙임)주택상태확인서및위임장_남양주금곡이화신도브래뉴.pdf
LH_sale_67,(LH_sale_67)_★(정정)(250429)경기남부권(수원·안양·오산)공가세대일반매각공고문.pdf
LH_sale_69,(LH_sale_69)_부천대장A8블록공공분양통합팸플릿(업로드용).pdf
LH_sale_69,(LH_sale_69)_(정정공고)부천대장A8블록공공분양주택입주자모집공고문.pdf
LH_sale_70,(LH_sale_70)_부천대장A7블록공공분양주택분양팸플릿(업로드용).pdf
LH_sale_70,(LH_sale_70)_(정정공고)부천대장A7블록공공분양주택입주자모집공고문.pdf
LH_sale_74,(LH_sale_74)_잔여세대동호배치도(의왕월암A-1BL).pdf
LH_sale_74,(LH_sale_74)_의왕월암A-1및A-3블록신혼희망타운공공분양추가입주자모집공고문(최종).pdf
LH_sale_74,(LH_sale_74)_3-2.금융정보등(금융ㆍ신용ㆍ보험정보)제공동의서-작성방법.pdf
LH_sale_74,(LH_sale_74)_잔여세대동호배치도(의왕월암A-3BL).pdf
LH_sale_74,(LH_sale_74)_팸플릿(의왕월암A-1및A-3블록공공분양)_최종.pdf
LH_sale_75,(LH_sale_75)_부천괴안B-1블록신혼희망타운(공공분양)팜플렛.pdf
LH_sale_75,(LH_sale_75)_3-2.금융정보등(금융ㆍ신용ㆍ보험정보)제공동의서-작성방법.pdf
LH_sale_75,(LH_sale_75)_★부천괴안B1블록신혼희망타운(공공분양)입주자모집공고문(최종).pdf
LH_sale_77,(LH_sale_77)_[정정공고]부천괴안B1블록신혼희망타운(공공분양)입주자모집공고문(최종).pdf
LH_sale_77,(LH_sale_77)_3-2.금융정보등(금융ㆍ신용ㆍ보험정보)제공동의서-작성방법.pdf
LH_sale_77,(LH_sale_77)_부천괴안B-1블록신혼희망타운(공공분양)팜플렛.pdf
LH_sale_78,(LH_sale_78)_(양주회천A24)공공분양주택입주자추가모집공고문.pdf
LH_sale_78,(LH_sale_78)_양주회천A24BL팜플렛.pdf
LH_sale_79,(LH_sale_79)_부천괴안B-1블록신혼희망타운(공공분양)팜플렛.pdf
LH_sale_79,(LH_sale_79)_[정정공고][정정공고]부천괴안B1블록신혼희망타운(공공분양)입주자모집공고문(최종).pdf
LH_sale_79,(LH_sale_79)_3-2.금융정보등(금융ㆍ신용ㆍ보험정보)제공동의서-작성방법.pdf
LH_sale_80,(LH_sale_80)_팸플릿(의왕초평A-3블록신혼희망타운).pdf
LH_sale_80,(LH_sale_80)_의왕초평A-3블록신혼희망타운(공공분양)잔여세대추가입주자모집공고문.pdf
LH_sale_81,"(LH_sale_81)_(무주택,무순위)고양원당재건축매입임대분양전환후일반매각공고문.pdf"
LH_sale_82,(LH_sale_82)_과천지식정보타운S-7블록신혼희망타운(공공분양)잔여세대입주자모집공고문.pdf
LH_sale_82,(LH_sale_82)_과천신혼희망타운S-7블록팜플렛.pdf
LH_sale_83,(LH_sale_83)_서울대방신혼희망타운잔여세대입주자모집공고.pdf
LH_sale_83,(LH_sale_83)_3-2.금융정보등(금융ㆍ신용ㆍ보험정보)제공동의서(작성방법).pdf
LH_sale_83,(LH_sale_83)_서울대방신혼희망타운(공공분양)팸플릿.pdf
LH_sale_84,(LH_sale_84)_성남복정1A2블록신혼희망타운(공공분양)잔여세대입주자모집공고문.pdf
LH_sale_84,(LH_sale_84)_3-2.금융정보등(금융ㆍ신용ㆍ보험정보)제공동의서(작성방법).pdf
LH_sale_84,(LH_sale_84)_★성남복정1A2·A3블록신혼희망타운팸플릿.pdf
LH_sale_85,(LH_sale_85)_첨부5.위임장(대리인계약시).pdf
LH_sale_85,(LH_sale_85)_첨부3.확약서(주택상태확인서).pdf
LH_sale_85,(LH_sale_85)_서울강남권도시형주택석촌·송파일반공급입주자모집공고(무순위).pdf
LH_sale_85,(LH_sale_85)_첨부4.개인정보수집？이용및제3자제공동의서.pdf
LH_sale_85,(LH_sale_85)_첨부2.서울강남권도시형주택(송파)팜플렛.pdf
LH_sale_85,(LH_sale_85)_첨부1.서울강남권도시형주택(석촌)팜플렛.pdf
LH_sale_86,(LH_sale_86)_과천신혼희망타운S-7블록팜플렛.pdf
LH_sale_86,(LH_sale_86)_(정정공고)과천지식정보타운S-7블록신혼희망타운(공공분양)잔여세대입주자모집공고문.pdf
LH_sale_87,(LH_sale_87)_팸플릿(의왕초평A-3블록신혼희망타운).pdf
LH_sale_87,(LH_sale_87)_(정정공고)의왕초평A-3블록신혼희망타운(공공분양)잔여세대추가입주자모집공고문.pdf
LH_sale_94,(LH_sale_94)_3-2.금융정보등(금융ㆍ신용ㆍ보험정보)제공동의서(작성방법).pdf
LH_sale_94,(LH_sale_94)_(최초)서울공릉신혼희망타운팸플릿.pdf
LH_sale_94,(LH_sale_94)_서울공릉지구신혼희망타운(공공분양)추가입주자모집공고문.pdf
LH_sale_95,(LH_sale_95)_★고양장항_S-1블록_공공분양주택_입주자모집_공고문.pdf
LH_sale_95,(LH_sale_95)_고양장항_S-1블록_팸플릿.pdf
LH_sale_97,(LH_sale_97)_(붙임2)위임장.pdf
LH_sale_97,(LH_sale_97)_(공고문)부천두산위브트레지움1단지(부천약대1)공가세대일반매각.pdf
LH_sale_97,(LH_sale_97)_(붙임1)주택상태확인서.pdf
LH_sale_98,(LH_sale_98)_(정정)고양장항_S-1블록_팸플릿.pdf
LH_sale_98,(LH_sale_98)_★(정정)고양장항_S-1블록_공공분양주택_입주자모집_공고문.pdf
LH_sale_106,(LH_sale_106)_3-2.금융정보등(금융ㆍ신용ㆍ보험정보)제공동의서-작성방법.pdf
LH_sale_106,(LH_sale_106)_(250724)남양주왕숙A-2블록신혼희망타운(공공분양)입주자모집공고문.pdf
LH_sale_106,(LH_sale_106)_남양주왕숙A-2블록신혼희망타운팸플릿(공고용).pdf
LH_sale_107,(LH_sale_107)_남양주왕숙A-1BL공공분양입주자모집공고문(250724).pdf
LH_sale_107,(LH_sale_107)_남양주왕숙A-1BL공공분양팸플릿(250724).pdf
LH_sale_110,(LH_sale_110)_평택고덕A-57-2블록_신혼희망타운(공공분양)_추가입주자모집공고.pdf
LH_sale_110,(LH_sale_110)_팸플릿(평택고덕A-57-2_신혼희망타운_공공분양).pdf
LH_sale_111,(LH_sale_111)_구리갈매역세권A-1블록신혼희망타운_팸플릿.pdf
LH_sale_111,(LH_sale_111)_3-2.금융정보등(금융ㆍ신용ㆍ보험정보)제공동의서-작성방법.pdf
LH_sale_111,(LH_sale_111)_(250729)구리갈매역세권A-1블록신혼희망타운(공공분양)입주자모집공고문.pdf
LH_sale_112,"(LH_sale_112)_250729_왕숙푸르지오더퍼스트1단지(B1),2단지(B2)_입주자모집공고(안)_Final.pdf"
LH_sale_113,"(LH_sale_113)_250729_왕숙푸르지오더퍼스트1단지(B1),2단지(B2)_입주자모집공고(안)_Final.pdf"
LH_sale_114,(LH_sale_114)_★(정정)남양주왕숙A-1BL공공분양입주자모집공고문.pdf
LH_sale_114,(LH_sale_114)_★(정정)남양주왕숙A-1블록공공분양팸플릿.pdf
LH_sale_115,(LH_sale_115)_★(250729)남양주왕숙A-2블록신혼희망타운(공공분양)입주자모집공고문-정정공고.pdf
LH_sale_115,(LH_sale_115)_★(250729)남양주왕숙A-2블록신희타팸플릿최종(정정공고).pdf
LH_sale_115,(LH_sale_115)_3-2.금융정보등(금융ㆍ신용ㆍ보험정보)제공동의서-작성방법.pdf
LH_sale_116,(LH_sale_116)_3-2.금융정보등(금융ㆍ신용ㆍ보험정보)제공동의서-작성방법.pdf
LH_sale_116,(LH_sale_116)_250730_남양주진접2A-4블록신혼희망타운입주자모집공고문.pdf
LH_sale_116,(LH_sale_116)_팸플릿_남양주진접2A-4.pdf
LH_sale_117,(LH_sale_117)_250730_남양주진접2A-1블록공공분양주택입주자모집공고문.pdf
LH_sale_117,(LH_sale_117)_팸플릿_남양주진접2A-1블록.pdf
LH_sale_119,(LH_sale_119)_3-2.금융정보등(금융ㆍ신용ㆍ보험정보)제공동의서-작성방법.pdf
LH_sale_119,(LH_sale_119)_구리갈매역세권A-1블록신혼희망타운_팸플릿.pdf
LH_sale_119,(LH_sale_119)_(정정공고)구리갈매역세권A-1블록신혼희망타운(공공분양)입주자모집공고문.pdf
LH_sale_120,(LH_sale_120)_[정정]팸플릿_남양주진접2A-1블록.pdf
LH_sale_120,(LH_sale_120)_[정정]250730_남양주진접2A-1블록공공분양주택입주자모집공고문.pdf
LH_sale_121,(LH_sale_121)_3-2.금융정보등(금융ㆍ신용ㆍ보험정보)제공동의서-작성방법.pdf
LH_sale_121,(LH_sale_121)_[정정]팸플릿_남양주진접2A-4블록.pdf
LH_sale_121,(LH_sale_121)_[정정]250730_남양주진접2A-4블록신혼희망타운입주자모집공고문.pdf
LH_sale_123,(LH_sale_123)_과천주암C2블록신혼희망타운(공공분양)입주자모집공고문.pdf
LH_sale_123,(LH_sale_123)_3-2.금융정보등(금융ㆍ신용ㆍ보험정보)제공동의서-작성방법.pdf
LH_sale_123,(LH_sale_123)_과천주암C2블록신혼희망타운(공공분양)팸플릿.pdf
LH_sale_128,(LH_sale_128)_경기남부권(성남·수원·안양·오산·화성)공가세대일반매각공고문(무순위).pdf
LH_sale_129,(LH_sale_129)_경기남부권(성남)공가세대일반매각공고문(무순위)_85초과.pdf
LH_sale_130,(LH_sale_130)_경기남부권(성남)공가세대일반매각공고문(무순위).pdf
LH_sale_131,(LH_sale_131)_붙임_의정부우정A-1블록_공공분양_팸플릿_최종★_고해상도.pdf
LH_sale_131,(LH_sale_131)_붙임.의정부우정A-1블록_입주자모집공고문_최종★.pdf
LH_sale_135,(LH_sale_135)_분양팸플릿(평택고덕A53블록).pdf
LH_sale_135,(LH_sale_135)_평택고덕A-53블록잔여세대추가입주자모집공고.pdf
LH_sale_135,(LH_sale_135)_3.잔여세대동호배치도(평택고덕A-53블록).pdf
LH_sale_136,(LH_sale_136)_(230915-최초공고)고양장항A-2블록팸플릿.pdf
LH_sale_136,"(LH_sale_136)_(201229-최초공고)고양장항A-4,A-5블록신혼희망타운(공공분양)_팜플렛.pdf"
LH_sale_136,"(LH_sale_136)_(250915공고)고양장항A-2,4,5블록신혼희망타운(공공분양)잔여세대입주자모집공고문.pdf"
LH_sale_137,(LH_sale_137)_(250915공고)고양지축B-1블록공공분양주택잔여세대입주자모집공고문.pdf
LH_sale_137,(LH_sale_137)_(210929-최초공고)고양지축B-1블록팜플렛.pdf
LH_sale_140,(LH_sale_140)_남양주별내신혼희망타운분양팸플릿.pdf
LH_sale_140,(LH_sale_140)_★250918_남양주별내A25_신혼희망타운(공공분양)_추가입주자모집공고문.pdf
LH_sale_141,(LH_sale_141)_시흥하중A-4블록신혼희망타운(공공분양)팸플릿.pdf
LH_sale_141,(LH_sale_141)_3-2.금융정보등(금융·신용·보험정보)제공동의서-작성방법.pdf
LH_sale_141,(LH_sale_141)_시흥하중A-4블록신혼희망타운(공공분양)입주자모집공고문_최종.pdf
LH_sale_144,(LH_sale_144)_시흥하중A-4블록신혼희망타운(공공분양)팸플릿.pdf
LH_sale_144,(LH_sale_144)_3-2.금융정보등(금융·신용·보험정보)제공동의서-작성방법.pdf
LH_sale_144,(LH_sale_144)_시흥하중A-4블록신혼희망타운(공공분양)입주자모집공고문_정정공고.pdf
LH_sale_146,(LH_sale_146)_(정정공고)★250918_남양주별내A25_신혼희망타운(공공분양)_추가입주자모집공고문.pdf
LH_sale_146,(LH_sale_146)_남양주별내신혼희망타운분양팸플릿.pdf
LH_sale_148,(LH_sale_148)_붙임.(최종)남양주진접2A-7블록공공분양주택입주자모집공고문.pdf
LH_sale_148,(LH_sale_148)_붙임.(팸플릿)남양주진접2A-7블록.pdf
LH_sale_156,(LH_sale_156)_(최초모집공고)파주운정3A22BL팸플릿_최종.pdf
LH_sale_156,(LH_sale_156)_(최초모집공고)파주운정3A23블록팸플릿(게시용).pdf
LH_sale_156,"(LH_sale_156)_(251017)파주운정3A16,A17,A22,A23공공분양잔여세대추가입주자모집공고문.pdf"
LH_sale_156,(LH_sale_156)_(최초모집공고)파주운정3A16BL공공분양팸플릿(정정).pdf
LH_sale_156,(LH_sale_156)_(최초모집공고)파주운정3A17BL팸플릿최종_20210910.pdf
